<?xml version="1.0" encoding="utf-8"?>
<extension type="component" version="3.7.4" method="upgrade">

	<name>BookingFor Connector</name>
	<!-- The following elements are optional and free of formatting constraints -->
	<creationDate>2016-06-05</creationDate>
	<author>Bookingfor</author>
	<authorEmail>developer@ipertrade.com</authorEmail>
	<authorUrl>http://www.ipertrade.com</authorUrl>
	<copyright>Copyright (c)2006-2017 Ipertrade s.r.l.</copyright>
    <license>http://www.gnu.org/copyleft/gpl.html GNU/GPL</license>
	<!--  The version string is recorded in the components table -->
	<version>3.2.5</version>
	<!-- The description is optional and defaults to the name -->
	<description>Simple connector for BookingFor and Joomla!</description>

	<update> <!-- Runs on update; New in 1.6 -->
		<schemas>
			<schemapath type="mysql">sql/updates/mysql</schemapath>
		</schemas>
	</update>
	<scriptfile>script.php</scriptfile>
	<!-- Site Main File Copy Section -->
	<!-- Note the folder attribute: This attribute describes the folder
		to copy FROM in the package to install therefore files copied
		in this section are copied from /site/ in the package -->
	<files folder="site">
		<filename>index.html</filename>
		<filename>bookingforconnector.php</filename>
		<filename>controller.php</filename>
		<filename>defines.php</filename>
		<filename>router.php</filename>
		<folder>assets</folder>
		<folder>language</folder>
		<folder>helpers</folder>
		<folder>views</folder>
		<folder>models</folder>
	</files>
	<!-- Media files -->
	<media destination="com_bookingfor" folder="media">
		<folder>images</folder>
	</media>
	
	<administration>
		<!-- Administration Menu Section -->
		<menu>COM_BOOKINGFORCONNECTOR_MENU</menu>
		<!-- Administration Main File Copy Section -->
		<!-- Note the folder attribute: This attribute describes the folder
			to copy FROM in the package to install therefore files copied
			in this section are copied from /admin/ in the package -->
		<files folder="admin">
			<filename>index.html</filename>
			<filename>bookingforconnector.php</filename>
			<filename>controller.php</filename>
			<filename>config.xml</filename>
			<folder>language</folder>
			<folder>models</folder>
			<folder>sql</folder>
			<!-- views files section -->
			<folder>views</folder>
		</files>
	</administration>

</extension>

