<?xml version="1.0" encoding="utf-8"?>
<extension type="module" version="3.7.4" client="site" method="upgrade">
    <!-- Name of the Module -->
	<name>BookingFor Currency Switcher Module</name> 
 
    <!-- The following elements are optional and free of formatting constraints -->
	<creationDate>2017-08-18</creationDate>
	<author>Bookingfor</author>
	<authorEmail>developer@ipertrade.com</authorEmail>
	<authorUrl>http://www.ipertrade.com</authorUrl>
	<copyright>Copyright (c)2006-2017 Ipertrade s.r.l.</copyright>
      <license>http://www.gnu.org/copyleft/gpl.html GNU/GPL</license>
	<!--  The version string is recorded in the components table -->
	<version>3.1.0</version>
	<!-- The description is optional and defaults to the name -->
	<description>Simple module for Switcher Currency in BookingFor </description>
 
    <!-- Listing of all files that should be installed for the module to function -->
	<files>
        <!-- The "module" attribute signifies that this is the main controller file -->
		<filename module="mod_bookingforcurrencyswitcher">mod_bookingforcurrencyswitcher.php</filename>
		<filename>index.html</filename>
		<folder>tmpl</folder>
	</files>
 
    <!-- Optional parameters -->
	<config>
		<fields name="params">
			<fieldset name="basic">
				<field
					name="moduleclass_sfx"
					type="text"
					label="COM_MODULES_FIELD_MODULECLASS_SFX_LABEL"
					description="COM_MODULES_FIELD_MODULECLASS_SFX_DESC" />
			</fieldset>
		</fields>
	</config>
</extension>